N°;Département;Evénement;Début;Fin
1;9;Festival Musiques au Pays de Gabriel Fauré;24/03/2018;12/10/2018
2;9;Swing à  Mirepoix;31/03/2018;02/04/2018
3;9;Jazz à  Foix;24/07/2018;28/07/2018
4;9;Festival Spectacles de Grands Chemins;24/07/2018;28/07/2018
5;9;MIMA, festival international de marionnettes;02/08/2018;05/08/2018
6;11;Carnaval de Limoux;07/01/2018;18/03/2018
7;11;Ampélofolies du Cabardès;28/01/2018;28/01/2018
8;11;Toques et Clochers;24/03/2018;25/03/2018
9;11;Découvrons ensemble les espaces naturels sensibles de l Aude;07/04/2018;10/11/2018
10;11;Mondial du Vent;17/04/2018;22/04/2018
11;11;Banquets du Livre de Lagrasse;11/05/2018;13/05/2018
12;11;Sentiers Gourmands en Clape Vigneronne;20/05/2018;20/05/2018
13;11;Festival de Carcassonne;03/07/2018;31/07/2018
14;11;Embrasement de la cité de Carcassonne;14/07/2018;14/07/2018
15;11;Festival Musique et Histoire à  l'abbaye de Fontfroide;15/07/2018;19/07/2018
16;11;Cabardièses de Pennautier;25/07/2018;29/07/2018
17;11;Festival Jazz à  l'Hospitalet;25/07/2018;29/07/2018
18;11;Jazz sous les châtaigniers;03/08/2018;04/08/2018
19;11;Festival Médiéval de Peyrepertuse;08/08/2018;09/08/2018
20;11;Fête du Cassoulet de Castelnaudary;22/08/2018;26/08/2018
21;11;Orchidées à  Fontfroide;05/10/2018;07/10/2018
22;11;Festival Voix d'étoiles;24/10/2018;28/10/2018
23;11;Foire départementale de l'élevage à  Espezel ;27/10/2018;28/10/2018
24;11;Festival Jazz Conilhac;03/11/2018;24/11/2018
25;11;Festival de la caricature et du dessin de presse;22/11/2018;02/12/2018
26;11;Fête de la Saint Nicolas à  Carcassonne;08/12/2018;09/12/2018
27;12;Natural Games;28/06/2018;01/07/2018
28;12;Festival de Sylvanès;08/07/2018;16/08/2018
29;12;Millau Jazz Festival;14/07/2018;21/07/2018
30;12;Festival Sous les Toiles;15/07/2018;20/07/2018
31;12;Rencontres Musicales de Conques;17/07/2018;25/08/2018
32;12;Festival en Bastides;30/07/2018;04/08/2018
33;12;Festival des Templiers;18/10/2018;21/10/2018
34;30;Festival Flamenco de Nîmes;11/01/2018;19/01/2018
35;30;Festival British Screen / Ecrans Britanniques;02/03/2018;11/03/2018
36;30;Abrivado des Plages;10/03/2018;10/03/2018
37;30;Festival cinéma d'Alès Itinérances;23/03/2018;02/04/2018
38;30;Foire aux antiquités et à  la brocante de Barjac;28/03/2018;02/04/2018
39;30;Les Nautiques de Port-Camargue;30/03/2018;02/04/2018
40;30;Avril en balade en Uzège Pont du Gard;03/04/2018;30/04/2018
41;30;Les Grands Jeux Romains;28/04/2018;30/04/2018
42;30;Feria de Nîmes;07/05/2018;21/05/2018
43;30;Festival international du documentaire en Cévennes ;09/05/2018;12/05/2018
44;30;FIRA - Festival de la Randonnée en Cévennes;10/05/2018;13/05/2018
45;30;Printemps du Pélardon;13/05/2018;13/05/2018
46;30;Ouverture du Musée de la Romanité à  Nîmes;02/06/2018;24/09/2018
47;30;Féeries du Pont au Pont du Gard;07/06/2018;09/06/2018
48;30;Fête de la Transhumance à  l'Espérou;10/06/2018;10/06/2018
49;30;Uzès Danse;13/06/2018;17/06/2018
50;30;JM'S - Journées Méditerranéennes des Saveurs ;16/06/2018;17/06/2018
51;30;Festival de Nîmes;17/06/2018;22/07/2018
52;30;Rencontres d'été de la Chartreuse;06/07/2018;24/07/2018
53;30;Terralha, Festival Européen des Arts Céramiques;13/07/2018;15/07/2018
54;30;Médiévales du Volo Biou;13/07/2018;14/07/2018
55;30;Jazz à  Junas;17/07/2018;21/07/2018
56;30;Nuits Musicales d'Uzès;18/07/2018;29/07/2018
57;30;Les Transes Cévenoles;21/07/2018;22/07/2018
58;30;Fête de la Saint Louis à  Aigues-Mortes;25/08/2018;26/08/2018
59;30;Jours de Figues ;29/09/2018;30/09/2018
60;30;Semaine Cévenole;01/10/2018;07/10/2018
61;30;Les Vendanges de l'Histoire;13/10/2018;14/10/2018
62;30;Foire de la Pomme et de l'Oignon;27/10/2018;27/10/2018
63;30;Festival du Polar de Villeneuve-lez-Avignon;09/11/2018;11/11/2018
64;30;MIAM - Salon de la gastronomie ;16/11/2018;19/11/2018
65;30;Journées de l'Arbre, de la Plante et du Fruit;24/11/2018;25/11/2018
66;30;Fête de l'Olive à  Corconne;09/12/2018;09/12/2018
67;31;Festival des Créations Télévisuelles de Luchon;07/02/2018;11/02/2018
68;31;Journées européennes des Métiers d'Art ;03/04/2018;08/04/2018
69;31;Tous au Paquodrôme;20/04/2018;20/04/2018
70;31;Open Summer Festival;09/06/2018;10/06/2018
71;31;Festival Rio Loco !;14/06/2018;17/06/2018
72;31;Journées du Patrimoine de Pays et des Moulins;16/06/2018;17/06/2018
73;31;Les Siestes  électroniques;27/06/2018;01/07/2018
74;31;Festival Tangopostale;29/06/2018;08/07/2018
75;31;Festival du Comminges;16/07/2018;01/09/2018
76;31;Piano aux Jacobins;05/09/2018;29/09/2018
77;31;Electro Alternativ;07/09/2018;23/09/2018
78;31;ManifestO - Rencontres Photographiques de Toulouse;14/09/2018;29/09/2018
79;31;Festival international Toulouse les Orgues;02/10/2018;14/10/2018
80;31;Festival Cinespaà±a;05/10/2018;14/10/2018
81;31;La Machine à  Toulouse ;01/11/2018;04/11/2018
82;32;St-Mont, Vignobles en Fête;23/03/2018;25/03/2018
83;32;Run & Bike à  Condom;09/06/2018;09/06/2018
84;32;Festival éclats de Voix;11/06/2018;17/06/2018
85;32;Festival Tempo Latino;26/07/2018;29/07/2018
86;32;Festival jazz in Marciac;27/07/2018;15/08/2018
87;32;Jazz au coeur du Saint-Mont;02/08/2018;02/08/2018
88;32;Foire aux Vins et aux Eaux de Vie du Gers;11/08/2018;12/08/2018
89;32;L'été photographique de Lectoure;14/09/2018;23/09/2018
90;32;Festival Indépendance(s) et Création;03/10/2018;07/10/2018
91;32;Classic Festival;06/10/2018;07/10/2018
92;32;CIRCA- Festival du Cirque Actuel;19/10/2018;28/10/2018
93;32;La Flamme de l'Armagnac;13/11/2018;13/11/2018
94;32;La Flamme de l'Armagnac à  Montréal;17/11/2018;18/11/2018
95;32;Vendanges et Réveillon du Pacherenc de la St Sylvestre;31/12/2018;31/12/2018
96;34;Fête de la Soupe autour des vins du Pic Saint Loup;04/02/2018;04/02/2018
97;34;Open Sud de France;05/02/2018;11/02/2018
98;34;Fête du Cochon et du Terroir;25/02/2018;25/02/2018
99;34;Escale à  Sète;27/03/2018;02/04/2018
100;34;ZAT Montpellier;14/04/2018;15/04/2018
101;34;Toutes Caves Ouvertes à  Montpeyroux;15/04/2018;15/04/2018
102;34;Printival Pézenas;17/04/2018;21/04/2018
103;34;Les Boutographies - Rencontres photographiques;05/05/2018;27/05/2018
104;34;Foire à  la Brocante de Pézenas;06/05/2018;06/05/2018
105;34;Festival ImageSingulières;08/05/2018;27/05/2018
106;34;FISE World Montpellier;09/05/2018;13/05/2018
107;34;Saperlipopette;12/05/2018;13/05/2018
108;34;FESTIKITE, festival international du kite ;18/05/2018;21/05/2018
109;34;Festa Trail Pic Saint-Loup;18/05/2018;20/05/2018
110;34;Comédie du Livre;25/05/2018;27/05/2018
111;34;Printemps des Comédiens;31/05/2018;30/06/2018
112;34;Balade Gourmande en Saint-Jean-de-Minervois;03/06/2018;03/06/2018
113;34;Festival de Musique à  Maguelone;05/06/2018;15/06/2018
114;34;Molière, le théâtre dans tous ses éclats;06/06/2018;10/06/2018
115;34;Festival des Architectures Vives;12/06/2018;17/06/2018
116;34;LA NUIT DES ESTIVALES;15/06/2018;15/06/2018
117;34;Quand je pense à  Fernande;27/06/2018;27/06/2018
118;34;Festival Canalissimԝ;28/06/2018;01/07/2018
119;34;Festival du Roman Noir (FIRN);29/06/2018;01/07/2018
120;34;Worldwide Festival Sète;30/06/2018;07/07/2018
121;34;Festival Radio France Occitanie Montpellier;09/07/2018;27/07/2018
122;34;Jazz à  Sète;12/07/2018;20/07/2018
123;34;Festival de Thau;16/07/2018;24/07/2018
124;34;Résurgence, festival des arts vivants;19/07/2018;22/07/2018
125;34;Festival Voix Vives de Méditerranée en Méditerranée;20/07/2018;28/07/2018
126;34;Festival d'opérettes de Lamalou-les-Bains;29/07/2018;22/08/2018
127;34;Foire et fêtes de l'huître;04/08/2018;05/08/2018
128;34;Family Piknik;05/08/2018;05/08/2018
129;34;Feria de Béziers;10/08/2018;15/08/2018
130;34;Fête de la Saint Louis à  Sète;23/08/2018;28/08/2018
131;34;Les Nuits d'O ;23/08/2018;01/09/2018
132;34;Saison musicale de Saint-Guilhem-le-Désert;07/09/2018;30/09/2018
133;34;Journées européennes du Patrimoine en Occitanie;15/09/2018;16/09/2018
134;34;Festival SEVE;22/09/2018;23/09/2018
135;34;Sud de France fête la Qualité;12/10/2018;14/10/2018
136;34;Musiques anciennes en Pic Saint-Loup;12/10/2018;14/10/2018
137;34;CINEMED - Festival International du Cinéma méditerranéen;19/10/2018;27/10/2018
138;34;Critérium des Cévennes;27/10/2018;27/10/2018
139;34;Salon Nautique d'Automne;31/10/2018;04/11/2018
140;34;Art Montpellier;08/11/2018;11/11/2018
141;34;BOTY - Battle Of the Year;17/11/2018;17/11/2018
142;34;Fête des Vignes à  Montpellier;23/11/2018;25/11/2018
143;34;Salon des Artisans Créateurs;23/11/2018;25/11/2018
144;46;Cahors Blues Festival;14/07/2018;18/07/2018
145;46;Souillac en Jazz;15/07/2018;21/07/2018
146;46;Festival de Saint-Céré;18/07/2018;18/08/2018
147;46;Autour des Cordes - Rencontres Musicales de Figeac;06/08/2018;20/08/2018
148;46;Montgolfiades de Rocamadour;29/09/2018;30/09/2018
149;48;Festival Contes et Rencontres;03/02/2018;17/02/2018
150;48;Fête de la transhumance en Aubrac;27/05/2018;27/05/2018
151;48;Trèfle Lozérien;08/06/2018;10/06/2018
152;48;Festival International du Film de Vébron;17/07/2018;21/07/2018
153;48;Festival Détours du Monde;19/07/2018;29/07/2018
154;48;Festiv'Allier;01/08/2018;04/08/2018
155;48;Festival des cultures du monde ;11/08/2018;14/08/2018
156;48;160 km de Florac;18/09/2018;23/09/2018
157;48;Les Toqués du cèpe;05/10/2018;07/10/2018
158;48;Festival de la Soupe de Florac;26/10/2018;27/10/2018
159;65;Festival International de Musique sacrée de Lourdes;25/03/2018;02/04/2018
160;65;Musique et vins en Madiran;17/07/2018;27/07/2018
161;65;Equestria;24/07/2018;29/07/2018
162;65;Festival de Gavarnie;24/07/2018;05/08/2018
163;65;Tarbes en tango;18/08/2018;26/08/2018
164;65;Rockabilly Tarbes;28/08/2018;02/09/2018
165;65;Festival pyrénéen de l'image nature;05/10/2018;07/10/2018
166;66;Festival de l'Aventure;20/01/2018;25/01/2018
167;66;Fêtes de l'Ours ;25/02/2018;25/02/2018
168;66;Salon L'Art des Jardins;03/03/2018;04/03/2018
169;66;Festival de Musique Sacrée de Perpignan;21/03/2018;31/03/2018
170;66;Festival de cinéma Confrontation;10/04/2018;15/04/2018
171;66;Rencontres Cinémaginaire d'Argelès-sur-Mer;16/05/2018;21/05/2018
172;66;Fête de la cerise;26/05/2018;27/05/2018
173;66;Festival Ida y Vuelta;07/06/2018;10/06/2018
174;66;Les Déferlantes d'Argelès sur Mer;07/07/2018;10/07/2018
175;66;Kilian's Classik;07/07/2018;08/07/2018
176;66;Feria de Céret;11/07/2018;15/07/2018
177;66;Festival Electrobeach;12/07/2018;14/07/2018
178;66;Ciné-Rencontres de Prades;15/07/2018;22/07/2018
179;66;Festival de Sardanes;21/07/2018;22/07/2018
180;66;Festival Pablo Casals de Prades;26/07/2018;13/08/2018
181;66;La Préhistoire en fête à  Tautavel;01/08/2018;03/08/2018
182;66;Festival de Bourg-Madame;02/08/2018;14/08/2018
183;66;Festival Folklorique International d'Amélie les Bains;06/08/2018;12/08/2018
184;66;Fêtes de Saint-Vincent à  Collioure;14/08/2018;18/08/2018
185;66;Festival Semaine Flamenco;20/08/2018;25/08/2018
186;66;Visa pour l'Image;01/09/2018;16/09/2018
187;66;100 Miles Sud de France;05/10/2018;07/10/2018
188;66;Fête des Vendanges de Banyuls-sur-Mer;09/10/2018;14/10/2018
189;66;Les Trobades Médiévales;13/10/2018;14/10/2018
190;66;Festival Aujourd'hui Musiques;16/11/2018;25/11/2018
191;66;Collioure Couleurs;01/12/2018;31/12/2018
192;81;Festival Pause Guitare;03/07/2018;08/07/2018
193;81;Les Extravadanses;06/07/2018;13/07/2018
194;81;Festival Musiques des Lumières;13/07/2018;21/07/2018
195;81;Fêtes Médiévales de Cordes-sur-Ciel;14/07/2018;15/07/2018
196;81;Festival Musique sur Ciel;20/07/2018;27/07/2018
197;81;L'Eté de Vaour;31/07/2018;05/08/2018
198;82;Festival des Voix ;13/06/2018;25/06/2018
199;82;Montauban en Scènes;26/06/2018;13/07/2018
200;82;Festival des châteaux de Bruniquel;26/07/2018;05/08/2018
201;82;Lez'Art Festival;26/07/2018;29/07/2018
202;82;Samba al Pais;27/07/2018;29/07/2018